"Reference","Qty","Value","DNP","Exclude from BOM","Exclude from Board","Footprint","Datasheet","Manufacturer","Manufacturer Part Number"
"C100,C101,C209,C211,C402","5","1u","","","","Capacitor_SMD:C_0603_1608Metric","https://www.mouser.com/datasheet/3/508/1/upy-gphc_x5r_4v-to-50v.pdf","YAGEO","CC0603KRX5R6BB105"
"C102,C103,C104,C105,C107","5","22u","","","","Capacitor_SMD:C_0805_2012Metric","https://www.mouser.com/datasheet/3/76/1/GRM21BZ71A226ME15-01A.pdf","MURATA ELECTRONICS","GRM21BZ71A226ME15L"
"C106","1","DNP","","","","Capacitor_SMD:C_0402_1005Metric","~","",""
"C108,C202,C203,C204,C206,C207,C210,C212,C303,C306,C307,C308,C309,C314,C401,C406","16","100n","","","","Capacitor_SMD:C_0402_1005Metric","https://www.mouser.com/catalog/specsheets/taiyo%20yuden_12132018_mlcc11_hq_e.pdf","TAIYO YUDEN","LMK105B7104KVHF"
"C200,C300,C301,C304,C305,C311,C400","7","10u","","","","Capacitor_SMD:C_0603_1608Metric","https://ds.yuden.co.jp/TYCOMPAS/or/download?pn=MLAST063SCG681JFNA01&fileType=CA","TAIYO YUDEN","MLASL168BB5106MTNB33"
"C201,C205","2","10p","","","","Capacitor_SMD:C_0402_1005Metric","https://datasheets.kyocera-avx.com/AutoMLCCKAM.pdf","KYOCERA AVX","KAM05ACG1H100JH"
"C208","1","10n","","","","Capacitor_SMD:C_0402_1005Metric","https://www.mouser.com/datasheet/3/76/2/GRM022C81C103ME01_01A.pdf","MURATA ELECTRONICS","GRM022C81C103ME01L"
"C302,C313,C315,C405","4","150p","","","","Capacitor_SMD:C_0402_1005Metric","https://www.mouser.com/datasheet/3/72/1/KEM_C1022_C0G_AUTO_SMD.pdf","KEMET","C0402C151J1GACAUTO"
"C310,C312,C403,C404","4","1n","","","","Capacitor_SMD:C_0402_1005Metric","https://datasheets.kyocera-avx.com/X7RDielectric.pdf","KYOCERA AVX","04025C102KAZ2A"
"D100","1","GREEN","","","","LED_SMD:LED_0603_1608Metric","https://www.mouser.com/datasheet/3/308/1/APT1608ZGC-AMT.pdf","KINGBRIGHT","APT1608ZGC-AMT"
"D200","1","ASMB-MTB1-0A3A2","","","","LED_SMD:LED_Avago_PLCC4_3.2x2.8mm_CW","https://mm.digikey.com/Volume0/opasdata/d220001/medias/docus/9/OVSARGB4R8.pdf","TT ELECTRONICS/OPTEK TECHNOLOGY","OVSARGB4R8"
"D201,D202,D203,D204,D205,D300,D400","7","PESD3V3L1BA,115","","","","Diode_SMD:D_SOD-323","https://assets.nexperia.com/documents/data-sheet/PESD3V3L1BA.pdf","NEXPERIA USA INC.","  PESD3V3L1BA,115"
"H1,H2,H3,H4","4","MountingHole","","","","MountingHole:MountingHole_3.2mm_M3","","",""
"J200","1","2x5 1.27mm","","","","Connector_PinHeader_1.27mm:PinHeader_2x05_P1.27mm_Vertical_SMD","http://www.cnctech.us/pdfs/3220-XX-0100-00_.pdf","CNC TECH","3220-10-0100-00"
"J201","1","USB_C_Receptacle_USB2.0","","","","Connector_USB:USB_C_Receptacle_HRO_TYPE-C-31-M-12","https://jlcpcb.com/api/file/downloadByFileSystemAccessId/8550723676069908480","Korean Hroparts Elec","TYPE-C-31-M-12"
"J300,J400","2","031-5640-1010","","","","MixSig_Footprints.pretty:AMPHENOL-BNC-031-5640-1010","https://mm.digikey.com/Volume0/opasdata/d220001/medias/docus/6155/tmp_187197.tmp.pdf?_gl=1*1n1llfl*_up*MQ..*_gs*MQ..&gclid=CjwKCAiA9aPKBhBhEiwAyz82J4f1O4zMCAdvZNCPIwXwXPQZRdXxNWOUcwHTwizcCYFCZ3Nzs2sUtRoCiX8QAvD_BwE&gclsrc=aw.ds&gbraid=0AAAAADrbLlhXEbj6OgaL832YKP-dk4gv7","AMPHENOL RF","31-5640-1010"
"L100,L200","2","10n","","","","Inductor_SMD:L_0402_1005Metric","https://www.murata.com/en-global/api/pdfdownloadapi?cate=cgsubChipFerriBead&partno=BLM15BX601SZ1%23","MURATA ELECTRONICS","BLM15BX601SZ1D"
"L101","1","68u","","","","MixSig_Footprints.pretty:MWSA0603S","https://mm.digikey.com/Volume0/opasdata/d220001/medias/docus/2905/MWSA-S_Series_DS.pdf","SHENZHEN SUNLORD ELECTRONICS CO., LTD.","  MWSA0603S-100MT"
"L201","1","CMF3216F-900-2P-T","","","","MixSig_Footprints.pretty:CMC-1206","https://jlcpcb.com/api/file/downloadByFileSystemAccessId/8588918728658862080"," HYHONGYEX","CMF3216F-900-2P-T"
"R100","1","10R","","","","Resistor_SMD:R_0805_2012Metric","https://jlcpcb.com/api/file/downloadByFileSystemAccessId/8579706465275133952","UNI-ROYAL(Uniroyal Elec)","0805W8F100JT5E"
"R101","1","100k","","","","Resistor_SMD:R_0402_1005Metric","https://jlcpcb.com/api/file/downloadByFileSystemAccessId/8588881989412007937","UNI-ROYAL(Uniroyal Elec)"," 0402WGJ0104TCE "
"R102,R306,R403","3","22k","","","","Resistor_SMD:R_0402_1005Metric","https://jlcpcb.com/api/file/downloadByFileSystemAccessId/8588881989293756416","UNI-ROYAL(Uniroyal Elec)","0402WGJ0223TCE"
"R103,R104,R105,R200,R201,R202,R301,R308,R309","9","1k","","","","Resistor_SMD:R_0402_1005Metric","https://jlcpcb.com/api/file/downloadByFileSystemAccessId/8579705924167974912","UNI-ROYAL(Uniroyal Elec)","0402WGF1001TCE"
"R203,R204,R206,R401","4","10k","","","","Resistor_SMD:R_0402_1005Metric","https://jlcpcb.com/api/file/downloadByFileSystemAccessId/8556212101498380288","UNI-ROYAL(Uniroyal Elec)","0402WGF1002TCE"
"R205,R305,R400","3","0R","","","","Resistor_SMD:R_0402_1005Metric","https://jlcpcb.com/api/file/downloadByFileSystemAccessId/8579705904671227904","UNI-ROYAL(Uniroyal Elec)","0402WGF0000TCE"
"R207,R208,R209,R210,R300,R405","6","49R9","","","","Resistor_SMD:R_0402_1005Metric","https://jlcpcb.com/api/file/downloadByFileSystemAccessId/8579705916650295296","UNI-ROYAL(Uniroyal Elec)","0402WGF499JTCE"
"R211","1","1k5","","","","Resistor_SMD:R_0402_1005Metric","https://jlcpcb.com/api/file/downloadByFileSystemAccessId/8579705932919590912","UNI-ROYAL(Uniroyal Elec)","0402WGF1501TCE"
"R212,R213","2","5k1","","","","Resistor_SMD:R_0402_1005Metric","https://jlcpcb.com/api/file/downloadByFileSystemAccessId/8579706036003409920","UNI-ROYAL(Uniroyal Elec)","0402WGF5101TCE"
"R302,R303","2","2M2","","","","Resistor_SMD:R_0402_1005Metric","https://www.mouser.com/catalog/specsheets/YAGEO_PYu_RC_Group_51_RoHS_L_12.pdf","YAGEO","RC0402FR-072M2L"
"R304,R402","2","6k8","","","","Resistor_SMD:R_0402_1005Metric","https://jlcpcb.com/api/file/downloadByFileSystemAccessId/8579706052444946432","UNI-ROYAL(Uniroyal Elec)","0402WGF6801TCE"
"R307,R404","2","12k","","","","Resistor_SMD:R_0402_1005Metric","https://jlcpcb.com/api/file/downloadByFileSystemAccessId/8588882079966355456","UNI-ROYAL(Uniroyal Elec)","0402WGJ0123TCE"
"U100","1","TLV62569DBV","","","","Package_TO_SOT_SMD:SOT-23-5","https://www.ti.com/general/docs/suppproductinfo.tsp?distId=10&gotoUrl=https%3A%2F%2Fwww.ti.com%2Flit%2Fgpn%2Ftlv62569","TEXAS INSTRUMENTS","TLV62569DBVT"
"U101","1","HT7533-1","","","","Package_TO_SOT_SMD:SOT-89-3","https://www.holtek.com/documents/10179/116711/HT75xx-1v250.pdf","HOLTEK","HT7533-1"
"U102,U302,U303,U401","4","MCP6001T-E/OT","","","","Package_TO_SOT_SMD:SOT-23-5","http://ww1.microchip.com/downloads/en/DeviceDoc/21733j.pdf","MICROCHIP","MCP6001T-E/OT"
"U200","1","STM32F103CBT6","","","","Package_QFP:LQFP-48_7x7mm_P0.5mm","http://www.st.com/st-web-ui/static/active/en/resource/technical/document/datasheet/CD00161566.pdf","STMicroelectronics","STM32F103CBT6"
"U201","1","USBLC6-2SC6","","","","Package_TO_SOT_SMD:SOT-23-6","https://www.st.com/resource/en/datasheet/usblc6-2.pdf","STMicroelectronics","USBLC6-2SC6"
"U300","1","REF3033AIDBZT","","","","Package_TO_SOT_SMD:SOT-23","http://www.ti.com/lit/ds/symlink/ref3033.pdf","TEXAS INSTRUMENTS","REF3033AIDBZT"
"U301","1","ADC141S626CIMM_NOPB","","","","MixSig_Footprints:VSSOP-10","https://www.ti.com/general/docs/suppproductinfo.tsp?distId=10&gotoUrl=https%3A%2F%2Fwww.ti.com%2Flit%2Fgpn%2Fadc141s626","TEXAS INSTRUMENTS","ADC141S626CIMM/NOPB"
"U400","1","DAC7563SDGSR","","","","MixSig_Footprints:VSSOP-10","https://www.ti.com/general/docs/suppproductinfo.tsp?distId=10&gotoUrl=https%3A%2F%2Fwww.ti.com%2Flit%2Fgpn%2Fdac7563","TEXAS INSTRUMENTS","  DAC7563SDGSR"
"Y200","1","16MHz","","","","Crystal:Crystal_SMD_3225-4Pin_3.2x2.5mm","https://support.epson.biz/td/api/doc_check.php?dl=brief_TSX-3225&lang=en","Epson Timing","TSX-3225 16.0000MF09Z-AC3"
